teta0,teta1,xmin,xmax
8008.439832646822,-4656.591444722153,22899.0,240000.0
